word,label,source,label_conflict
LGBTQ+,neutral,MCWC Accessible Gender and Sexual Orientation Inclusive Language,no
LGBTQIA+,neutral,MCWC Accessible Gender and Sexual Orientation Inclusive Language,no
a man's home is his castle,masculine,EIGE Toolkit on Gender-sensitive Communication (2019),no
aboriginal,neutral,BIAS Word Inventory — Konnikov et al. (2022),no
aboriginals,neutral,Gender-Fair Language Primer — Kintanar (1998),no
absent-minded,masculine,Gender-Fair Language Primer — Kintanar (1998),no
accommodation,neutral,BIAS Word Inventory — Konnikov et al. (2022),no
accountable,masculine,BIAS Word Inventory — Konnikov et al. (2022),no
accurate,feminine,BIAS Word Inventory — Konnikov et al. (2022),no
active,masculine,"Gaucher, Friesen & Kay (2011)",no
actor,neutral,Gender-Fair Language Primer — Kintanar (1998),no
actress,feminine,Gender-Fair Language Primer — Kintanar (1998),no
adapt,neutral,BIAS Word Inventory — Konnikov et al. (2022),no
additional hours,masculine,BIAS Word Inventory — Konnikov et al. (2022),no
administrative,feminine,BIAS Word Inventory — Konnikov et al. (2022),no
administrative assistant,neutral,Gender-Fair Language Primer — Kintanar (1998),no
adult female,feminine,Gender-Fair Language Primer — Kintanar (1998),no
adulthood,neutral,Gender-Fair Language Primer — Kintanar (1998),no
adventurous,masculine,"Gaucher, Friesen & Kay (2011)",no
affectionate,feminine,"Gaucher, Friesen & Kay (2011)",no
after hours,masculine,BIAS Word Inventory — Konnikov et al. (2022),no
agender,neutral,MCWC Accessible Gender and Sexual Orientation Inclusive Language,no
aggressive,masculine,"Gaucher, Friesen & Kay (2011)",no
artificial,neutral,UN Guidelines for gender-inclusive language in English,no
authoritative,neutral,UNESCO Gender-Neutral Guidelines|EIGE Toolkit on Gender-sensitive Communication (2019),no
alone,masculine,BIAS Word Inventory — Konnikov et al. (2022),no
ambitious,masculine,"Gaucher, Friesen & Kay (2011)",no
goal-oriented,neutral,LinkedIn Talent Solutions / Cpl HR,no
analytical,masculine,"Gaucher, Friesen & Kay (2011)",no
ancestor,neutral,Gender-Fair Language Primer — Kintanar (1998),no
anchor,neutral,Gender-Fair Language Primer — Kintanar (1998),no
anchorman,masculine,Gender-Fair Language Primer — Kintanar (1998),no
anchorperson,neutral,Gender-Fair Language Primer — Kintanar (1998),no
artisan,neutral,Gender-Fair Language Primer — Kintanar (1998),no
asexual,neutral,MCWC Accessible Gender and Sexual Orientation Inclusive Language,no
asian,neutral,BIAS Word Inventory — Konnikov et al. (2022),no
aspiring actor,neutral,Gender-Fair Language Primer — Kintanar (1998),no
assertive,masculine,"Gaucher, Friesen & Kay (2011)",no
athlete,neutral,Gender-Fair Language Primer — Kintanar (1998),no
athletic,masculine,"Gaucher, Friesen & Kay (2011)",no
attentive,feminine,BIAS Word Inventory — Konnikov et al. (2022),no
auntie,feminine,BUCGAD Feedback | Gender-Fair Language Primer – Kintanar (1998),no
authentic,neutral,BIAS Word Inventory — Konnikov et al. (2022),no
author,neutral,Gender-Fair Language Primer — Kintanar (1998),no
authoress,feminine,Gender-Fair Language Primer — Kintanar (1998),no
autonomous,masculine,"Gaucher, Friesen & Kay (2011)",no
available,neutral,BIAS Word Inventory — Konnikov et al. (2022),no
average person,neutral,Gender-Fair Language Primer — Kintanar (1998),no
aviator,neutral,Gender-Fair Language Primer — Kintanar (1998),no
aviatrix,feminine,Gender-Fair Language Primer — Kintanar (1998),no
bachelor girl,feminine,Gender-Fair Language Primer — Kintanar (1998),no
bag ladies,feminine,Gender-Fair Language Primer — Kintanar (1998),no
bend,masculine,BIAS Word Inventory — Konnikov et al. (2022),no
benevolent sexism,feminine,"The Gender Dictionary – English Version (UNDP WACA, 2024)",no
best,masculine,BIAS Word Inventory — Konnikov et al. (2022),no
best man for the job,masculine,EIGE Toolkit on Gender-sensitive Communication (2019),no
bilingual,neutral,BIAS Word Inventory — Konnikov et al. (2022),no
bisexual,neutral,MCWC Accessible Gender and Sexual Orientation Inclusive Language,no
boast,masculine,"Gaucher, Friesen & Kay (2011)",no
bonus,feminine,BIAS Word Inventory — Konnikov et al. (2022),no
bossy,feminine,EIGE Toolkit on Gender-sensitive Communication (2019),no
direct,neutral,UNESCO Gender-Neutral Guidelines|EIGE Toolkit on Gender-sensitive Communication (2019),no
decisive,neutral,UNESCO Gender-Neutral Guidelines|EIGE Toolkit on Gender-sensitive Communication (2019),no
boys and girls,neutral,Gender-Fair Language Primer — Kintanar (1998),no
brotherhood,masculine,EIGE Toolkit on Gender-sensitive Communication (2019),no
brotherhood of man,masculine,Gender-Fair Language Primer — Kintanar (1998),no
bunny,feminine,Gender-Fair Language Primer — Kintanar (1998),no
busboys,masculine,Gender-Fair Language Primer — Kintanar (1998),no
business executive,neutral,Gender-Fair Language Primer — Kintanar (1998),no
business owner,neutral,Gender-Fair Language Primer — Kintanar (1998),no
businessman,masculine,Gender-Fair Language Primer — Kintanar (1998),no
busy,neutral,BIAS Word Inventory — Konnikov et al. (2022),no
call outs,masculine,BIAS Word Inventory — Konnikov et al. (2022),no
calm,masculine,BIAS Word Inventory — Konnikov et al. (2022),no
camera operator,neutral,Gender-Fair Language Primer — Kintanar (1998),no
cameraman,masculine,Gender-Fair Language Primer — Kintanar (1998),no
can-do,masculine,BIAS Word Inventory — Konnikov et al. (2022),no
career girls,feminine,Gender-Fair Language Primer — Kintanar (1998),no
career women,neutral,Gender-Fair Language Primer — Kintanar (1998),no
caring,feminine,BIAS Word Inventory — Konnikov et al. (2022),no
cautious,masculine,Gender-Fair Language Primer — Kintanar (1998),no
chair,neutral,Gender-Fair Language Primer — Kintanar (1998),no
chairman,masculine,Gender-Fair Language Primer — Kintanar (1998),no
chairperson,neutral,Gender-Fair Language Primer — Kintanar (1998),no
chairwoman,feminine,EIGE Toolkit on Gender-sensitive Communication (2019),no
challenging,masculine,"BIAS Word Inventory — Konnikov et al. (2022) | Gaucher, Friesen & Kay (2011)",no
chambermaids,feminine,Gender-Fair Language Primer — Kintanar (1998),no
charismatic,masculine,Gender-Fair Language Primer — Kintanar (1998),no
cheer,feminine,"Gaucher, Friesen & Kay (2011)",no
cheesecake,feminine,Gender-Fair Language Primer — Kintanar (1998),no
chick,feminine,Gender-Fair Language Primer — Kintanar (1998),no
child,feminine,"BIAS Word Inventory — Konnikov et al. (2022) | Gaucher, Friesen & Kay (2011)",no
childcare vouchers,feminine,BIAS Word Inventory — Konnikov et al. (2022),no
cinematographer,neutral,Gender-Fair Language Primer — Kintanar (1998),no
cis men,masculine,MCWC Accessible Gender and Sexual Orientation Inclusive Language,no
cis women,feminine,MCWC Accessible Gender and Sexual Orientation Inclusive Language,no
cisgender,neutral,MCWC Accessible Gender and Sexual Orientation Inclusive Language,no
classic artists,neutral,Gender-Fair Language Primer — Kintanar (1998),no
clean drivers,neutral,BIAS Word Inventory — Konnikov et al. (2022),no
clear,neutral,BIAS Word Inventory — Konnikov et al. (2022),no
coed,feminine,Gender-Fair Language Primer — Kintanar (1998),no
collaborative,feminine,BIAS Word Inventory — Konnikov et al. (2022),no
combat,masculine,LinkedIn Talent Solutions / Cpl HR,no
comedian,neutral,Gender-Fair Language Primer — Kintanar (1998),no
comedienne,feminine,Gender-Fair Language Primer — Kintanar (1998),no
commission,neutral,BIAS Word Inventory — Konnikov et al. (2022),no
commission package,feminine,BIAS Word Inventory — Konnikov et al. (2022),no
commit,feminine,"Gaucher, Friesen & Kay (2011)",no
committed,feminine,BIAS Word Inventory — Konnikov et al. (2022),no
communal,feminine,"Gaucher, Friesen & Kay (2011)",no
communicative,masculine,BIAS Word Inventory — Konnikov et al. (2022),no
compassion,feminine,"Gaucher, Friesen & Kay (2011)",no
compassionate,feminine,"Gaucher, Friesen & Kay (2011)",no
competitive,masculine,"Gaucher, Friesen & Kay (2011)",no
composed,masculine,BIAS Word Inventory — Konnikov et al. (2022),no
concerned,masculine,Gender-Fair Language Primer — Kintanar (1998),no
concise,neutral,BIAS Word Inventory — Konnikov et al. (2022),no
confident,masculine,"BIAS Word Inventory — Konnikov et al. (2022) | Gaucher, Friesen & Kay (2011)",no
congress member,neutral,Gender-Fair Language Primer — Kintanar (1998),no
congressman,masculine,Gender-Fair Language Primer — Kintanar (1998),no
connect,feminine,"Gaucher, Friesen & Kay (2011)",no
considerate,feminine,"Gaucher, Friesen & Kay (2011)",no
contracted hours,feminine,BIAS Word Inventory — Konnikov et al. (2022),no
cooperative,feminine,"Gaucher, Friesen & Kay (2011)",no
countryman,masculine,EIGE Toolkit on Gender-sensitive Communication (2019),no
courageous,masculine,"Gaucher, Friesen & Kay (2011)",no
courteous,neutral,BIAS Word Inventory — Konnikov et al. (2022),no
craft artist,neutral,Gender-Fair Language Primer — Kintanar (1998),no
craftsmen,masculine,Gender-Fair Language Primer — Kintanar (1998),no
craftsperson,neutral,Gender-Fair Language Primer — Kintanar (1998),no
creative,feminine,BIAS Word Inventory — Konnikov et al. (2022),no
crouch,masculine,BIAS Word Inventory — Konnikov et al. (2022),no
curious,masculine,Gender-Fair Language Primer — Kintanar (1998),yes
decide,masculine,"Gaucher, Friesen & Kay (2011)",no
decision,masculine,"Gaucher, Friesen & Kay (2011)",no
decisive,masculine,"Gaucher, Friesen & Kay (2011)",no
dedicated,feminine,BIAS Word Inventory — Konnikov et al. (2022),no
delightful,neutral,BIAS Word Inventory — Konnikov et al. (2022),no
demand,masculine,BIAS Word Inventory — Konnikov et al. (2022),no
demisexual,neutral,MCWC Accessible Gender and Sexual Orientation Inclusive Language,no
depend,feminine,"Gaucher, Friesen & Kay (2011)",no
detail,masculine,BIAS Word Inventory — Konnikov et al. (2022),no
determined,masculine,"Gaucher, Friesen & Kay (2011)",no
developer,neutral,LinkedIn Talent Solutions,no
different areas,masculine,BIAS Word Inventory — Konnikov et al. (2022),no
different locations,masculine,BIAS Word Inventory — Konnikov et al. (2022),no
diploma,feminine,BIAS Word Inventory — Konnikov et al. (2022),no
diplomacy,neutral,Gender-Fair Language Primer — Kintanar (1998),no
diplomat,neutral,Gender-Fair Language Primer — Kintanar (1998),no
disability,neutral,BIAS Word Inventory — Konnikov et al. (2022),no
dish,feminine,Gender-Fair Language Primer — Kintanar (1998),no
ditsy,feminine,EIGE Toolkit on Gender-sensitive Communication (2019),no
divorcée,feminine,BUCGAD Feedback | Gender-Fair Language Primer – Kintanar (1998),no
doctor,neutral,Gender-Fair Language Primer — Kintanar (1998),no
doctora,feminine,Gender-Fair Language Primer — Kintanar (1998),no
domestic helper,neutral,Gender-Fair Language Primer — Kintanar (1998),no
dominant,masculine,"Gaucher, Friesen & Kay (2011)",no
dominate,masculine,LinkedIn Talent Solutions / Cpl HR,no
domineering,feminine,Gender-Fair Language Primer — Kintanar (1998),no
doting mother,feminine,BUCGAD Feedback | Gender-Fair Language Primer – Kintanar (1998),no
drafter,neutral,Gender-Fair Language Primer — Kintanar (1998),no
draftsmen,masculine,Gender-Fair Language Primer — Kintanar (1998),no
dressmaker,feminine,BUCGAD Feedback | Gender-Fair Language Primer – Kintanar (1998),no
driven,neutral,LinkedIn Talent Solutions / Cpl HR,no
driver's license,neutral,BIAS Word Inventory — Konnikov et al. (2022),no
driving,masculine,BIAS Word Inventory — Konnikov et al. (2022),no
dykes,feminine,Gender-Fair Language Primer — Kintanar (1998),no
dynamic,masculine,BIAS Word Inventory — Konnikov et al. (2022),no
eager,masculine,BIAS Word Inventory — Konnikov et al. (2022),no
early man,masculine,Gender-Fair Language Primer — Kintanar (1998),no
early people,neutral,Gender-Fair Language Primer — Kintanar (1998),no
easy,neutral,BIAS Word Inventory — Konnikov et al. (2022),no
easygoing,masculine,Gender-Fair Language Primer — Kintanar (1998),no
effective,masculine,BIAS Word Inventory — Konnikov et al. (2022),no
efficient,masculine,BIAS Word Inventory — Konnikov et al. (2022),no
eloquent,masculine,BIAS Word Inventory — Konnikov et al. (2022),no
emotional,feminine,"Gaucher, Friesen & Kay (2011)",no
empathetic,feminine,"Gaucher, Friesen & Kay (2011)",no
employed mothers,feminine,Gender-Fair Language Primer — Kintanar (1998),no
empower,masculine,BIAS Word Inventory — Konnikov et al. (2022),no
energetic,masculine,BIAS Word Inventory — Konnikov et al. (2022),no
engaged,neutral,BIAS Word Inventory — Konnikov et al. (2022),no
engaging,masculine,BIAS Word Inventory — Konnikov et al. (2022),no
engineer,neutral,LinkedIn Talent Solutions,no
enthusiastic,masculine,BIAS Word Inventory — Konnikov et al. (2022),no
ethnic,neutral,BIAS Word Inventory — Konnikov et al. (2022),no
ethnic women,neutral,Gender-Fair Language Primer — Kintanar (1998),no
evenings,masculine,BIAS Word Inventory — Konnikov et al. (2022),no
every man for himself,masculine,EIGE Toolkit on Gender-sensitive Communication (2019),no
everyone,neutral,Gender-Fair Language Primer — Kintanar (1998),no
exceed,masculine,BIAS Word Inventory — Konnikov et al. (2022),no
excel,masculine,BIAS Word Inventory — Konnikov et al. (2022),no
exceptional,masculine,BIAS Word Inventory — Konnikov et al. (2022),no
exciting,masculine,BIAS Word Inventory — Konnikov et al. (2022),no
executor,neutral,Gender-Fair Language Primer — Kintanar (1998),no
executrixes,feminine,Gender-Fair Language Primer — Kintanar (1998),no
exert,masculine,BIAS Word Inventory — Konnikov et al. (2022),no
factory worker,neutral,Gender-Fair Language Primer — Kintanar (1998),no
fair,neutral,BIAS Word Inventory — Konnikov et al. (2022),no
fair sex,neutral,Gender-Fair Language Primer — Kintanar (1998),no
families,neutral,Gender-Fair Language Primer — Kintanar (1998),no
family friendly,feminine,BIAS Word Inventory — Konnikov et al. (2022),no
family values,feminine,BIAS Word Inventory — Konnikov et al. (2022),no
fast-paced,masculine,LinkedIn Talent Solutions / Cpl HR,no
female homosexuals,feminine,Gender-Fair Language Primer — Kintanar (1998),no
female lawyer,feminine,Gender-Fair Language Primer — Kintanar (1998),no
female professor,feminine,EIGE Toolkit on Gender-sensitive Communication (2019),no
femicide,feminine,"The Gender Dictionary – English Version (UNDP WACA, 2024)",no
feminine,feminine,"Gaucher, Friesen & Kay (2011)",no
feminist,neutral,Gender-Fair Language Primer — Kintanar (1998),no
feminization of poverty,feminine,"The Gender Dictionary – English Version (UNDP WACA, 2024)",no
fire fighter,neutral,Gender-Fair Language Primer — Kintanar (1998),no
firemen,masculine,Gender-Fair Language Primer — Kintanar (1998),no
firm,masculine,BIAS Word Inventory — Konnikov et al. (2022),no
fish seller,neutral,Gender-Fair Language Primer — Kintanar (1998),no
fish wives,feminine,Gender-Fair Language Primer — Kintanar (1998),no
fisher,neutral,Gender-Fair Language Primer — Kintanar (1998),no
fisherfolk,neutral,Gender-Fair Language Primer — Kintanar (1998),no
fishermen,masculine,Gender-Fair Language Primer — Kintanar (1998),no
fit,masculine,BIAS Word Inventory — Konnikov et al. (2022),no
fixed term,masculine,BIAS Word Inventory — Konnikov et al. (2022),no
flatterable,feminine,"Gaucher, Friesen & Kay (2011)",no
flexible,feminine,BIAS Word Inventory — Konnikov et al. (2022),no
flexible benefits,feminine,BIAS Word Inventory — Konnikov et al. (2022),no
flight attendant,neutral,EIGE Toolkit on Gender-sensitive Communication (2019),no
follow,feminine,BIAS Word Inventory — Konnikov et al. (2022),no
force,masculine,"Gaucher, Friesen & Kay (2011)",no
forefather,masculine,Gender-Fair Language Primer — Kintanar (1998),no
foremen,masculine,Gender-Fair Language Primer — Kintanar (1998),no
forward thinking,masculine,BIAS Word Inventory — Konnikov et al. (2022),no
founders,neutral,Gender-Fair Language Primer — Kintanar (1998),no
founding fathers,masculine,Gender-Fair Language Primer — Kintanar (1998),no
frank,neutral,BIAS Word Inventory — Konnikov et al. (2022),no
friendly,feminine,BIAS Word Inventory — Konnikov et al. (2022),no
frigid,feminine,EIGE Toolkit on Gender-sensitive Communication (2019),no
frivolous,feminine,Gender-Fair Language Primer — Kintanar (1998),no
frumpy,feminine,EIGE Toolkit on Gender-sensitive Communication (2019),no
full-time,neutral,BIAS Word Inventory — Konnikov et al. (2022),no
fun,neutral,BIAS Word Inventory — Konnikov et al. (2022),no
gal,feminine,BIAS Word Inventory — Konnikov et al. (2022),no
gay lifestyle,masculine,MCWC Accessible Gender and Sexual Orientation Inclusive Language,no
gay marriage,masculine,MCWC Accessible Gender and Sexual Orientation Inclusive Language,no
gay women,feminine,Gender-Fair Language Primer — Kintanar (1998),no
gender blindness,neutral,"The Gender Dictionary – English Version (UNDP WACA, 2024)",no
gender gap,neutral,"The Gender Dictionary – English Version (UNDP WACA, 2024)",no
gender mainstreaming,neutral,"The Gender Dictionary – English Version (UNDP WACA, 2024)",no
gender-fluid,neutral,MCWC Accessible Gender and Sexual Orientation Inclusive Language,no
gender-nonconforming,neutral,MCWC Accessible Gender and Sexual Orientation Inclusive Language,no
gender-responsive,neutral,"The Gender Dictionary – English Version (UNDP WACA, 2024)",no
gender-sensitive,neutral,"The Gender Dictionary – English Version (UNDP WACA, 2024)",no
gender-transformative,neutral,"The Gender Dictionary – English Version (UNDP WACA, 2024)",no
genderqueer,neutral,MCWC Accessible Gender and Sexual Orientation Inclusive Language,no
gentle,feminine,"Gaucher, Friesen & Kay (2011)",no
gentlemen's agreement,masculine,EIGE Toolkit on Gender-sensitive Communication (2019),no
unwritten agreement,neutral,UNESCO Gender-Neutral Guidelines|EIGE Toolkit on Gender-sensitive Communication (2019),no
girl,feminine,Gender-Fair Language Primer — Kintanar (1998),no
girl athlete,feminine,Gender-Fair Language Primer — Kintanar (1998),no
girl friday,feminine,Gender-Fair Language Primer — Kintanar (1998),no
glass ceiling,feminine,"The Gender Dictionary – English Version (UNDP WACA, 2024)",no
global opportunities,neutral,BIAS Word Inventory — Konnikov et al. (2022),no
good,neutral,BIAS Word Inventory — Konnikov et al. (2022),no
governess,feminine,EIGE Toolkit on Gender-sensitive Communication (2019),no
governor,neutral,EIGE Toolkit on Gender-sensitive Communication (2019),no
granny midwives,feminine,Gender-Fair Language Primer — Kintanar (1998),no
greedy,masculine,"Gaucher, Friesen & Kay (2011)",no
guaranteed hours,feminine,BIAS Word Inventory — Konnikov et al. (2022),no
guard,neutral,Gender-Fair Language Primer — Kintanar (1998),no
guru,masculine,LinkedIn Talent Solutions / Cpl HR,no
expert,neutral,LinkedIn Talent Solutions / Cpl HR,no
guy,masculine,BIAS Word Inventory — Konnikov et al. (2022),no
hacker,masculine,LinkedIn Talent Solutions / Cpl HR,no
hands on,masculine,BIAS Word Inventory — Konnikov et al. (2022),no
happy,neutral,BIAS Word Inventory — Konnikov et al. (2022),no
hard-working,masculine,BIAS Word Inventory — Konnikov et al. (2022),no
he,masculine,BIAS Word Inventory — Konnikov et al. (2022) | Gender-Fair Language Primer — Kintanar (1998),no
headstrong,masculine,"Gaucher, Friesen & Kay (2011)",no
heavy load,masculine,BIAS Word Inventory — Konnikov et al. (2022),no
hegemonic masculinity,masculine,"The Gender Dictionary – English Version (UNDP WACA, 2024)",no
help,neutral,BIAS Word Inventory — Konnikov et al. (2022),no
her,feminine,BIAS Word Inventory — Konnikov et al. (2022),no
hero,neutral,Gender-Fair Language Primer — Kintanar (1998),no
heroic women,feminine,Gender-Fair Language Primer — Kintanar (1998),no
heroines,feminine,Gender-Fair Language Primer — Kintanar (1998),no
heterosexual,neutral,MCWC Accessible Gender and Sexual Orientation Inclusive Language,no
hierarch,masculine,"Gaucher, Friesen & Kay (2011)",no
high quality,masculine,BIAS Word Inventory — Konnikov et al. (2022),no
high strung,feminine,Gender-Fair Language Primer — Kintanar (1998),no
him,masculine,Gender-Fair Language Primer — Kintanar (1998),no
himself,masculine,Gender-Fair Language Primer — Kintanar (1998),no
hir,neutral,EIGE Toolkit on Gender-sensitive Communication (2019),no
his,masculine,BIAS Word Inventory — Konnikov et al. (2022) | Gender-Fair Language Primer — Kintanar (1998),no
holiday cover,masculine,BIAS Word Inventory — Konnikov et al. (2022),no
homeless women,neutral,Gender-Fair Language Primer — Kintanar (1998),no
homely,feminine,Gender-Fair Language Primer — Kintanar (1998),no
homemaker,neutral,Gender-Fair Language Primer — Kintanar (1998),no
homosexual,masculine,MCWC Accessible Gender and Sexual Orientation Inclusive Language,no
homosexuality,masculine,MCWC Accessible Gender and Sexual Orientation Inclusive Language,no
honest,feminine,"Gaucher, Friesen & Kay (2011)",no
honey,feminine,Gender-Fair Language Primer — Kintanar (1998),no
hookers,feminine,Gender-Fair Language Primer — Kintanar (1998),no
host,neutral,Gender-Fair Language Primer — Kintanar (1998),no
hostess,feminine,Gender-Fair Language Primer — Kintanar (1998),no
hostesses,feminine,Gender-Fair Language Primer — Kintanar (1998),no
hostile,masculine,"Gaucher, Friesen & Kay (2011)",no
hotel worker,neutral,Gender-Fair Language Primer — Kintanar (1998),no
hours of work,neutral,BIAS Word Inventory — Konnikov et al. (2022),no
house husbands,feminine,Gender-Fair Language Primer — Kintanar (1998),no
house wives,feminine,Gender-Fair Language Primer — Kintanar (1998),no
household helper,neutral,Gender-Fair Language Primer — Kintanar (1998),no
human,neutral,Gender-Fair Language Primer — Kintanar (1998),no
human being,neutral,Gender-Fair Language Primer — Kintanar (1998),no
human race,neutral,Gender-Fair Language Primer — Kintanar (1998),no
human resources,neutral,Gender-Fair Language Primer — Kintanar (1998),no
human solidarity,neutral,Gender-Fair Language Primer — Kintanar (1998),no
human species,neutral,Gender-Fair Language Primer — Kintanar (1998),no
humanity,neutral,Gender-Fair Language Primer — Kintanar (1998),no
humankind,neutral,Gender-Fair Language Primer — Kintanar (1998),no
husband and wife,neutral,Gender-Fair Language Primer — Kintanar (1998),no
hussy,feminine,Gender-Fair Language Primer — Kintanar (1998),no
hysterical,feminine,Gender-Fair Language Primer — Kintanar (1998),no
impulsive,masculine,"Gaucher, Friesen & Kay (2011)",no
independent,masculine,"Gaucher, Friesen & Kay (2011)",no
indigenous,neutral,BIAS Word Inventory — Konnikov et al. (2022),no
individual,masculine,"Gaucher, Friesen & Kay (2011)",no
initiative,masculine,BIAS Word Inventory — Konnikov et al. (2022),no
innovative,masculine,BIAS Word Inventory — Konnikov et al. (2022),no
inspirational,masculine,BIAS Word Inventory — Konnikov et al. (2022),no
integrity,neutral,BIAS Word Inventory — Konnikov et al. (2022),no
intellect,masculine,"Gaucher, Friesen & Kay (2011)",no
interdependent,feminine,"Gaucher, Friesen & Kay (2011)",no
international travel,masculine,BIAS Word Inventory — Konnikov et al. (2022),no
interpersonal,feminine,"Gaucher, Friesen & Kay (2011)",no
intersectionality,neutral,"The Gender Dictionary – English Version (UNDP WACA, 2024)",no
intersex,neutral,MCWC Accessible Gender and Sexual Orientation Inclusive Language,no
janitor,masculine,BUCGAD Feedback | Gender-Fair Language Primer – Kintanar (1998),no
jedi,masculine,LinkedIn Talent Solutions / Cpl HR,no
joe public,masculine,EIGE Toolkit on Gender-sensitive Communication (2019),no
kind,feminine,"Gaucher, Friesen & Kay (2011)",no
king and queen,masculine,EIGE Toolkit on Gender-sensitive Communication (2019),no
kinship,feminine,"Gaucher, Friesen & Kay (2011)",no
kneel,masculine,BIAS Word Inventory — Konnikov et al. (2022),no
labor force,neutral,Gender-Fair Language Primer — Kintanar (1998),no
ladies,feminine,Gender-Fair Language Primer — Kintanar (1998),no
ladies and gentlemen,neutral,Gender-Fair Language Primer — Kintanar (1998),no
ladies chattering,feminine,Gender-Fair Language Primer — Kintanar (1998),no
lady,feminine,BIAS Word Inventory — Konnikov et al. (2022),no
lady doctor,feminine,Gender-Fair Language Primer — Kintanar (1998),no
ladylike,feminine,EIGE Toolkit on Gender-sensitive Communication (2019),no
law enforcement officer,neutral,Gender-Fair Language Primer — Kintanar (1998),no
lawyer,neutral,Gender-Fair Language Primer — Kintanar (1998),no
lay midwife,neutral,Gender-Fair Language Primer — Kintanar (1998),no
layman,masculine,Gender-Fair Language Primer — Kintanar (1998),no
layperson,neutral,Gender-Fair Language Primer — Kintanar (1998),no
lead,masculine,"Gaucher, Friesen & Kay (2011)",no
legislator,neutral,Gender-Fair Language Primer — Kintanar (1998),no
lesbians,neutral,Gender-Fair Language Primer — Kintanar (1998),no
liberationist,neutral,Gender-Fair Language Primer — Kintanar (1998),no
lift,masculine,BIAS Word Inventory — Konnikov et al. (2022),no
limitless,masculine,BIAS Word Inventory — Konnikov et al. (2022),no
line installer,neutral,Gender-Fair Language Primer — Kintanar (1998),no
line repairer,neutral,Gender-Fair Language Primer — Kintanar (1998),no
lineman,masculine,Gender-Fair Language Primer — Kintanar (1998),no
listening,feminine,BIAS Word Inventory — Konnikov et al. (2022),no
literate,neutral,BIAS Word Inventory — Konnikov et al. (2022),no
little woman,feminine,Gender-Fair Language Primer — Kintanar (1998),no
live-in,masculine,BIAS Word Inventory — Konnikov et al. (2022),no
location change,masculine,BIAS Word Inventory — Konnikov et al. (2022),no
logic,masculine,"Gaucher, Friesen & Kay (2011)",no
loose,feminine,EIGE Toolkit on Gender-sensitive Communication (2019),no
lord and lady,masculine,EIGE Toolkit on Gender-sensitive Communication (2019),no
loyal,feminine,"Gaucher, Friesen & Kay (2011)",no
lumbercutter,neutral,Gender-Fair Language Primer — Kintanar (1998),no
lumbermen,masculine,Gender-Fair Language Primer — Kintanar (1998),no
madam,feminine,Gender-Fair Language Primer — Kintanar (1998),no
maiden name,feminine,EIGE Toolkit on Gender-sensitive Communication (2019),no
maids,feminine,Gender-Fair Language Primer — Kintanar (1998),no
male chauvinism,neutral,Gender-Fair Language Primer — Kintanar (1998),no
male nurse,feminine,Gender-Fair Language Primer — Kintanar (1998),no
male secretary,feminine,Gender-Fair Language Primer — Kintanar (1998),no
man,masculine,BIAS Word Inventory — Konnikov et al. (2022) | Gender-Fair Language Primer — Kintanar (1998),no
man and wife,feminine,Gender-Fair Language Primer — Kintanar (1998),no
man on the street,masculine,Gender-Fair Language Primer — Kintanar (1998),no
man up,masculine,EIGE Toolkit on Gender-sensitive Communication (2019),no
man-hour,masculine,EIGE Toolkit on Gender-sensitive Communication (2019),no
man-made,masculine,Gender-Fair Language Primer — Kintanar (1998),no
manager,neutral,Gender-Fair Language Primer — Kintanar (1998),no
mandarin,neutral,BIAS Word Inventory — Konnikov et al. (2022),no
manhood,masculine,Gender-Fair Language Primer — Kintanar (1998),no
mankind,masculine,Gender-Fair Language Primer — Kintanar (1998),no
manning,masculine,Gender-Fair Language Primer — Kintanar (1998),no
manpower,masculine,Gender-Fair Language Primer — Kintanar (1998),no
workforce,neutral,UN Guidelines for gender-inclusive language in English,no
manufactured,neutral,Gender-Fair Language Primer — Kintanar (1998),no
masculine,masculine,"Gaucher, Friesen & Kay (2011)",no
masculinity,masculine,"The Gender Dictionary – English Version (UNDP WACA, 2024)",no
master,masculine,Gender-Fair Language Primer — Kintanar (1998),no
master of ceremonies,masculine,EIGE Toolkit on Gender-sensitive Communication (2019),no
masterful,masculine,Gender-Fair Language Primer — Kintanar (1998),no
mastermind,masculine,EIGE Toolkit on Gender-sensitive Communication (2019),no
masterplan,masculine,EIGE Toolkit on Gender-sensitive Communication (2019),no
maternity leave,feminine,BIAS Word Inventory — Konnikov et al. (2022),no
matron,feminine,Gender-Fair Language Primer — Kintanar (1998),no
maturity,neutral,Gender-Fair Language Primer — Kintanar (1998),no
men,masculine,BIAS Word Inventory — Konnikov et al. (2022) | Gender-Fair Language Primer — Kintanar (1998),no
men and girls,feminine,Gender-Fair Language Primer — Kintanar (1998),no
men and ladies,feminine,Gender-Fair Language Primer — Kintanar (1998),no
men and women,neutral,Gender-Fair Language Primer — Kintanar (1998),no
meteorologist,neutral,Gender-Fair Language Primer — Kintanar (1998),no
middleman,masculine,BUCGAD Feedback | Gender-Fair Language Primer – Kintanar (1998),no
mill girls,feminine,Gender-Fair Language Primer — Kintanar (1998),no
minority,neutral,BIAS Word Inventory — Konnikov et al. (2022),no
minority women,feminine,Gender-Fair Language Primer — Kintanar (1998),no
misogyny,feminine,"The Gender Dictionary – English Version (UNDP WACA, 2024)",no
miss,feminine,EIGE Toolkit on Gender-sensitive Communication (2019),no
mistress,feminine,Gender-Fair Language Primer — Kintanar (1998),no
modesty,feminine,"Gaucher, Friesen & Kay (2011)",no
monday to friday,feminine,BIAS Word Inventory — Konnikov et al. (2022),no
mother tongue,feminine,EIGE Toolkit on Gender-sensitive Communication (2019),no
motherly care,feminine,BUCGAD Feedback | Gender-Fair Language Primer – Kintanar (1998),no
motivated,neutral,LinkedIn Talent Solutions / Cpl HR,yes
mr.,masculine,BUCGAD Feedback | EIGE Toolkit on Gender-sensitive Communication (2019),no
mrs.,feminine,BUCGAD Feedback | EIGE Toolkit on Gender-sensitive Communication (2019),no
ms.,neutral,BUCGAD Feedback | EIGE Toolkit on Gender-sensitive Communication (2019),no
multisite,masculine,BIAS Word Inventory — Konnikov et al. (2022),no
multitask,neutral,BIAS Word Inventory — Konnikov et al. (2022),no
mumsy,feminine,EIGE Toolkit on Gender-sensitive Communication (2019),no
mx.,neutral,BUCGAD Feedback | EIGE Toolkit on Gender-sensitive Communication (2019),no
nag,feminine,"Gaucher, Friesen & Kay (2011)",no
natal sex,feminine,MCWC Accessible Gender and Sexual Orientation Inclusive Language,no
negotiating,masculine,BIAS Word Inventory — Konnikov et al. (2022),no
nephew,masculine,BUCGAD Feedback | Gender-Fair Language Primer – Kintanar (1998),no
news anchor,neutral,Boston University Inclusive Language Editorial Style Guide,no
niblings,neutral,BUCGAD Feedback | MCWC Accessible Gender and Sexual Orientation Inclusive Language,no
niece,feminine,BUCGAD Feedback | Gender-Fair Language Primer – Kintanar (1998),no
night shifts,masculine,BIAS Word Inventory — Konnikov et al. (2022),no
ninja,masculine,LinkedIn Talent Solutions / Cpl HR,no
nonbinary,neutral,MCWC Accessible Gender and Sexual Orientation Inclusive Language,no
nonprofessional,neutral,Gender-Fair Language Primer — Kintanar (1998),no
nonspecialist,neutral,Gender-Fair Language Primer — Kintanar (1998),no
nosy,feminine,Gender-Fair Language Primer — Kintanar (1998),no
numerate,masculine,BIAS Word Inventory — Konnikov et al. (2022),no
nurse,neutral,Gender-Fair Language Primer — Kintanar (1998),no
nurturing,feminine,"Gaucher, Friesen & Kay (2011)",yes
objectification,feminine,"The Gender Dictionary – English Version (UNDP WACA, 2024)",no
objective,neutral,BIAS Word Inventory — Konnikov et al. (2022),yes
occupational segregation,feminine,"The Gender Dictionary – English Version (UNDP WACA, 2024)",no
old maid,feminine,Gender-Fair Language Primer — Kintanar (1998),no
old masters,masculine,Gender-Fair Language Primer — Kintanar (1998),no
on-site visits,masculine,BIAS Word Inventory — Konnikov et al. (2022),no
one man show,masculine,Gender-Fair Language Primer — Kintanar (1998),no
open,neutral,BIAS Word Inventory — Konnikov et al. (2022),no
opinion,masculine,"Gaucher, Friesen & Kay (2011)",no
opposite gender,masculine,MCWC Accessible Gender and Sexual Orientation Inclusive Language,no
opposite sex,masculine,MCWC Accessible Gender and Sexual Orientation Inclusive Language,no
ordinary person,neutral,Gender-Fair Language Primer — Kintanar (1998),no
organizational,feminine,BIAS Word Inventory — Konnikov et al. (2022),no
organized,feminine,BIAS Word Inventory — Konnikov et al. (2022),no
outgoing,masculine,BIAS Word Inventory — Konnikov et al. (2022),no
outraged,masculine,Gender-Fair Language Primer — Kintanar (1998),no
outspoken,masculine,"Gaucher, Friesen & Kay (2011)",no
outstanding,masculine,BIAS Word Inventory — Konnikov et al. (2022),no
overtime,masculine,BIAS Word Inventory — Konnikov et al. (2022),no
pansexual,neutral,MCWC Accessible Gender and Sexual Orientation Inclusive Language,no
parental leave,feminine,BIAS Word Inventory — Konnikov et al. (2022),no
part time,feminine,BIAS Word Inventory — Konnikov et al. (2022),no
passion,masculine,BIAS Word Inventory — Konnikov et al. (2022),no
paternity leave,feminine,BIAS Word Inventory — Konnikov et al. (2022),no
patient,feminine,BIAS Word Inventory — Konnikov et al. (2022),no
patriarchy,masculine,"The Gender Dictionary – English Version (UNDP WACA, 2024)",no
patron,neutral,EIGE Toolkit on Gender-sensitive Communication (2019),no
pay gap,feminine,"The Gender Dictionary – English Version (UNDP WACA, 2024)",no
penetrate,masculine,Gender-Fair Language Primer — Kintanar (1998),no
people,neutral,Gender-Fair Language Primer — Kintanar (1998),no
people skills,feminine,BIAS Word Inventory — Konnikov et al. (2022),no
permanent,feminine,BIAS Word Inventory — Konnikov et al. (2022),no
perseverance,neutral,BIAS Word Inventory — Konnikov et al. (2022),no
persistent,neutral,BIAS Word Inventory — Konnikov et al. (2022),yes
person-centered,feminine,BIAS Word Inventory — Konnikov et al. (2022),no
personnel,neutral,Gender-Fair Language Primer — Kintanar (1998),no
persuasive,feminine,BIAS Word Inventory — Konnikov et al. (2022),no
photographer,neutral,Gender-Fair Language Primer — Kintanar (1998),no
physical,masculine,BIAS Word Inventory — Konnikov et al. (2022),no
piblings,neutral,BUCGAD Feedback | MCWC Accessible Gender and Sexual Orientation Inclusive Language,no
pink collar jobs,feminine,"The Gender Dictionary – English Version (UNDP WACA, 2024)",no
pink ghetto,feminine,"The Gender Dictionary – English Version (UNDP WACA, 2024)",no
pink tax,feminine,"The Gender Dictionary – English Version (UNDP WACA, 2024)",no
plain,feminine,Gender-Fair Language Primer — Kintanar (1998),no
planning,neutral,BIAS Word Inventory — Konnikov et al. (2022),no
pleasant,feminine,"Gaucher, Friesen & Kay (2011)",no
poet,neutral,Gender-Fair Language Primer — Kintanar (1998),no
poetess,feminine,Gender-Fair Language Primer — Kintanar (1998),no
police officer,neutral,Gender-Fair Language Primer — Kintanar (1998),no
policeman,masculine,Gender-Fair Language Primer — Kintanar (1998),no
polite,feminine,"BIAS Word Inventory — Konnikov et al. (2022) | Gaucher, Friesen & Kay (2011)",no
political leader,neutral,Gender-Fair Language Primer — Kintanar (1998),no
positive masculinity,masculine,"The Gender Dictionary – English Version (UNDP WACA, 2024)",no
postman,masculine,EIGE Toolkit on Gender-sensitive Communication (2019),no
practical,masculine,BIAS Word Inventory — Konnikov et al. (2022),no
pragmatic,masculine,BIAS Word Inventory — Konnikov et al. (2022),no
preferred pronouns,feminine,MCWC Accessible Gender and Sexual Orientation Inclusive Language,no
press operator,neutral,Gender-Fair Language Primer — Kintanar (1998),no
pressmen,masculine,Gender-Fair Language Primer — Kintanar (1998),no
pressure,masculine,BIAS Word Inventory — Konnikov et al. (2022),no
principle,masculine,"Gaucher, Friesen & Kay (2011)",no
proactive,masculine,BIAS Word Inventory — Konnikov et al. (2022),no
problem solving,masculine,BIAS Word Inventory — Konnikov et al. (2022),no
productive,masculine,BIAS Word Inventory — Konnikov et al. (2022),no
professional,neutral,LinkedIn Talent Solutions,no
professionally,neutral,BIAS Word Inventory — Konnikov et al. (2022),no
project manager,neutral,LinkedIn Talent Solutions,no
proprietor,neutral,Gender-Fair Language Primer — Kintanar (1998),no
proprietress,feminine,Gender-Fair Language Primer — Kintanar (1998),no
prostitute,neutral,Gender-Fair Language Primer — Kintanar (1998),no
pulling,masculine,BIAS Word Inventory — Konnikov et al. (2022),no
punctual,neutral,BIAS Word Inventory — Konnikov et al. (2022),no
pushing,masculine,BIAS Word Inventory — Konnikov et al. (2022),no
pushy,feminine,EIGE Toolkit on Gender-sensitive Communication (2019),no
qualified,neutral,BIAS Word Inventory — Konnikov et al. (2022),no
queer,neutral,MCWC Accessible Gender and Sexual Orientation Inclusive Language,no
quiet,feminine,"Gaucher, Friesen & Kay (2011)",no
reaching,masculine,BIAS Word Inventory — Konnikov et al. (2022),no
reassuring,neutral,BIAS Word Inventory — Konnikov et al. (2022),no
reckless,masculine,"Gaucher, Friesen & Kay (2011)",no
regular hours,feminine,BIAS Word Inventory — Konnikov et al. (2022),no
reliable,masculine,BIAS Word Inventory — Konnikov et al. (2022),no
relocation package,feminine,BIAS Word Inventory — Konnikov et al. (2022),no
remote work,feminine,BIAS Word Inventory — Konnikov et al. (2022),no
repairer,neutral,Gender-Fair Language Primer — Kintanar (1998),no
repairmen,masculine,Gender-Fair Language Primer — Kintanar (1998),no
repetitive,neutral,BIAS Word Inventory — Konnikov et al. (2022),no
representative,neutral,Gender-Fair Language Primer — Kintanar (1998),no
resilient,masculine,BIAS Word Inventory — Konnikov et al. (2022),no
resolve,masculine,BIAS Word Inventory — Konnikov et al. (2022),no
resourcefulness,masculine,BIAS Word Inventory — Konnikov et al. (2022),no
respect,neutral,BIAS Word Inventory — Konnikov et al. (2022),no
respected,masculine,BIAS Word Inventory — Konnikov et al. (2022),no
responsible,feminine,"Gaucher, Friesen & Kay (2011)",no
responsive,neutral,BIAS Word Inventory — Konnikov et al. (2022),no
retailer,neutral,Gender-Fair Language Primer — Kintanar (1998),no
result-oriented,neutral,LinkedIn Talent Solutions / Cpl HR,no
rewarding,neutral,BIAS Word Inventory — Konnikov et al. (2022),no
risk,masculine,BIAS Word Inventory — Konnikov et al. (2022),no
rockstar,masculine,LinkedIn Talent Solutions / Cpl HR,no
rota schedule,neutral,BIAS Word Inventory — Konnikov et al. (2022),no
safety precautions,masculine,BIAS Word Inventory — Konnikov et al. (2022),no
sales agent,neutral,Gender-Fair Language Primer — Kintanar (1998),no
sales representative,neutral,Gender-Fair Language Primer — Kintanar (1998),no
salesgirls,feminine,Gender-Fair Language Primer — Kintanar (1998),no
salesman,masculine,Gender-Fair Language Primer — Kintanar (1998),no
salesperson,neutral,Gender-Fair Language Primer — Kintanar (1998),no
saleswomen,neutral,Gender-Fair Language Primer — Kintanar (1998),no
scatterbrained,feminine,Gender-Fair Language Primer — Kintanar (1998),no
scheme,feminine,BIAS Word Inventory — Konnikov et al. (2022),no
second language,neutral,BIAS Word Inventory — Konnikov et al. (2022),no
second shift,feminine,"The Gender Dictionary – English Version (UNDP WACA, 2024)",no
secretary,neutral,Gender-Fair Language Primer — Kintanar (1998),no
secure work,neutral,BIAS Word Inventory — Konnikov et al. (2022),no
self-confident,masculine,"Gaucher, Friesen & Kay (2011)",no
self-driven,masculine,BIAS Word Inventory — Konnikov et al. (2022),no
self-motivated,masculine,BIAS Word Inventory — Konnikov et al. (2022),no
self-reliant,masculine,"Gaucher, Friesen & Kay (2011)",no
self-starter,masculine,BIAS Word Inventory — Konnikov et al. (2022),no
self-sufficient,masculine,"Gaucher, Friesen & Kay (2011)",no
seminal,masculine,Gender-Fair Language Primer — Kintanar (1998),no
sensitive,feminine,"Gaucher, Friesen & Kay (2011)",no
serious,masculine,BIAS Word Inventory — Konnikov et al. (2022),no
servants,feminine,Gender-Fair Language Primer — Kintanar (1998),no
server,neutral,UN Gender-Inclusive Guidelines,no
settlers,masculine,Gender-Fair Language Primer — Kintanar (1998),no
sex assigned at birth,neutral,MCWC Accessible Gender and Sexual Orientation Inclusive Language,no
sexual preference,neutral,MCWC Accessible Gender and Sexual Orientation Inclusive Language,no
she,feminine,BIAS Word Inventory — Konnikov et al. (2022),no
shift,neutral,BIAS Word Inventory — Konnikov et al. (2022),no
shrill,feminine,EIGE Toolkit on Gender-sensitive Communication (2019),no
sickness cover,masculine,BIAS Word Inventory — Konnikov et al. (2022),no
silicon ceiling,feminine,"The Gender Dictionary – English Version (UNDP WACA, 2024)",no
single mother,feminine,BUCGAD Feedback | Gender-Fair Language Primer – Kintanar (1998),no
skillful,neutral,Gender-Fair Language Primer — Kintanar (1998),no
social skills,feminine,BIAS Word Inventory — Konnikov et al. (2022),no
society,neutral,Gender-Fair Language Primer — Kintanar (1998),no
soft skills,feminine,BIAS Word Inventory — Konnikov et al. (2022),no
solo exhibition,neutral,Gender-Fair Language Primer — Kintanar (1998),no
son preference,masculine,"The Gender Dictionary – English Version (UNDP WACA, 2024)",no
specialist,neutral,LinkedIn Talent Solutions,no
speed,masculine,BIAS Word Inventory — Konnikov et al. (2022),no
spinster,feminine,Gender-Fair Language Primer — Kintanar (1998),no
spokesman,masculine,Gender-Fair Language Primer — Kintanar (1998),no
spokesperson,neutral,Gender-Fair Language Primer — Kintanar (1998),no
sports enthusiast,neutral,Gender-Fair Language Primer — Kintanar (1998),no
sportsmen,masculine,Gender-Fair Language Primer — Kintanar (1998),no
spouse,neutral,Gender-Fair Language Primer — Kintanar (1998),no
spouses,neutral,Gender-Fair Language Primer — Kintanar (1998),no
staff,neutral,Gender-Fair Language Primer — Kintanar (1998),no
staffing,neutral,Gender-Fair Language Primer — Kintanar (1998),no
stamina,masculine,BIAS Word Inventory — Konnikov et al. (2022),no
standby,neutral,BIAS Word Inventory — Konnikov et al. (2022),no
standing,neutral,BIAS Word Inventory — Konnikov et al. (2022),no
starlets,feminine,Gender-Fair Language Primer — Kintanar (1998),no
statemanship,masculine,Gender-Fair Language Primer — Kintanar (1998),no
statesman,masculine,EIGE Toolkit on Gender-sensitive Communication (2019),no
statesmen,masculine,Gender-Fair Language Primer — Kintanar (1998),no
steward,masculine,EIGE Toolkit on Gender-sensitive Communication (2019),no
stewardess,feminine,EIGE Toolkit on Gender-sensitive Communication (2019),no
stoop,masculine,BIAS Word Inventory — Konnikov et al. (2022),no
stress,masculine,BIAS Word Inventory — Konnikov et al. (2022),no
strong,masculine,BIAS Word Inventory — Konnikov et al. (2022),no
stubborn,masculine,"Gaucher, Friesen & Kay (2011)",no
submissive,feminine,"Gaucher, Friesen & Kay (2011)",no
suffragette,feminine,Gender-Fair Language Primer — Kintanar (1998),no
suffragist,neutral,Gender-Fair Language Primer — Kintanar (1998),no
sugar,feminine,Gender-Fair Language Primer — Kintanar (1998),no
superhero,masculine,LinkedIn Talent Solutions / Cpl HR,no
superior,masculine,"Gaucher, Friesen & Kay (2011)",no
supervisor,neutral,Gender-Fair Language Primer — Kintanar (1998),no
support,feminine,"Gaucher, Friesen & Kay (2011)",no
sympathetic,feminine,"Gaucher, Friesen & Kay (2011)",no
synthetic,neutral,UN Guidelines for gender-inclusive language in English,no
tactful,masculine,BIAS Word Inventory — Konnikov et al. (2022),no
talented,masculine,BIAS Word Inventory — Konnikov et al. (2022),no
teenage women,feminine,Gender-Fair Language Primer — Kintanar (1998),no
tenacious,neutral,BIAS Word Inventory — Konnikov et al. (2022),no
tender,feminine,"Gaucher, Friesen & Kay (2011)",no
theirs,neutral,BUCGAD Feedback | EIGE Toolkit on Gender-sensitive Communication (2019),no
them,neutral,BUCGAD Feedback | EIGE Toolkit on Gender-sensitive Communication (2019),no
they,neutral,BUCGAD Feedback | EIGE Toolkit on Gender-sensitive Communication (2019),no
think outside the box,neutral,BIAS Word Inventory — Konnikov et al. (2022),no
thoughtful,feminine,BIAS Word Inventory — Konnikov et al. (2022),no
thrust,masculine,Gender-Fair Language Primer — Kintanar (1998),no
time management,neutral,BIAS Word Inventory — Konnikov et al. (2022),no
timekeeping,masculine,BIAS Word Inventory — Konnikov et al. (2022),no
timid,feminine,Gender-Fair Language Primer — Kintanar (1998),no
to a man,masculine,Gender-Fair Language Primer — Kintanar (1998),no
to heart,feminine,Boston University Inclusive Language Editorial Style Guide,no
to operate,neutral,Boston University Inclusive Language Editorial Style Guide,no
to run,neutral,Boston University Inclusive Language Editorial Style Guide,no
together,neutral,"Gaucher, Friesen & Kay (2011)",no
toxic masculinity,masculine,"The Gender Dictionary – English Version (UNDP WACA, 2024)",no
traditional midwife,neutral,Gender-Fair Language Primer — Kintanar (1998),no
trans men,masculine,MCWC Accessible Gender and Sexual Orientation Inclusive Language,no
trans women,feminine,MCWC Accessible Gender and Sexual Orientation Inclusive Language,no
transgender,neutral,MCWC Accessible Gender and Sexual Orientation Inclusive Language,no
transport,neutral,BIAS Word Inventory — Konnikov et al. (2022),no
travel,neutral,BIAS Word Inventory — Konnikov et al. (2022),no
trust,feminine,"Gaucher, Friesen & Kay (2011)",no
trustworthy,neutral,BIAS Word Inventory — Konnikov et al. (2022),no
twisting,masculine,BIAS Word Inventory — Konnikov et al. (2022),no
two-spirit,neutral,MCWC Accessible Gender and Sexual Orientation Inclusive Language,no
unanimously,neutral,Gender-Fair Language Primer — Kintanar (1998),no
uncle,masculine,BUCGAD Feedback | Gender-Fair Language Primer – Kintanar (1998),no
under-represented groups,neutral,BIAS Word Inventory — Konnikov et al. (2022),no
understand,feminine,"Gaucher, Friesen & Kay (2011)",no
unmarried women,neutral,Gender-Fair Language Primer — Kintanar (1998),no
urgent,masculine,BIAS Word Inventory — Konnikov et al. (2022),no
usher,neutral,Gender-Fair Language Primer — Kintanar (1998),no
usherette,feminine,Gender-Fair Language Primer — Kintanar (1998),no
vibrant,neutral,BIAS Word Inventory — Konnikov et al. (2022),no
virile,masculine,EIGE Toolkit on Gender-sensitive Communication (2019),no
visible minorities,neutral,BIAS Word Inventory — Konnikov et al. (2022),no
wage earners,neutral,Gender-Fair Language Primer — Kintanar (1998),no
wage gap,neutral,"The Gender Dictionary – English Version (UNDP WACA, 2024)",no
waiters assistant,neutral,Gender-Fair Language Primer — Kintanar (1998),no
waking nights,neutral,BIAS Word Inventory — Konnikov et al. (2022),no
walking,neutral,BIAS Word Inventory — Konnikov et al. (2022),no
warm,feminine,"Gaucher, Friesen & Kay (2011)",no
watchmen,masculine,Gender-Fair Language Primer — Kintanar (1998),no
weather reporter,neutral,Gender-Fair Language Primer — Kintanar (1998),no
weathercaster,neutral,Gender-Fair Language Primer — Kintanar (1998),no
weatherman,masculine,Gender-Fair Language Primer — Kintanar (1998),no
weight handling,masculine,BIAS Word Inventory — Konnikov et al. (2022),no
welcome,feminine,BIAS Word Inventory — Konnikov et al. (2022),no
whining,neutral,"Gaucher, Friesen & Kay (2011)",no
willing to travel,neutral,BIAS Word Inventory — Konnikov et al. (2022),no
winning,neutral,BIAS Word Inventory — Konnikov et al. (2022),no
woman writer,feminine,Gender-Fair Language Primer — Kintanar (1998),no
women,feminine,BIAS Word Inventory – Konnikov et al. (2022) | Gender-Fair Language Primer – Kintanar (1998),yes
women libbers,feminine,Gender-Fair Language Primer — Kintanar (1998),no
work life balance,feminine,BIAS Word Inventory — Konnikov et al. (2022),no
workers,neutral,Gender-Fair Language Primer — Kintanar (1998),no
working men,masculine,Gender-Fair Language Primer — Kintanar (1998),no
working mothers,feminine,Gender-Fair Language Primer — Kintanar (1998),no
working wives,feminine,Gender-Fair Language Primer — Kintanar (1998),no
workmanship,masculine,EIGE Toolkit on Gender-sensitive Communication (2019),no
workmen,masculine,Gender-Fair Language Primer — Kintanar (1998),no
world-class,masculine,LinkedIn Talent Solutions / Cpl HR,no
writer,neutral,Gender-Fair Language Primer — Kintanar (1998),no
young girls,feminine,Gender-Fair Language Primer — Kintanar (1998),no
ze,neutral,EIGE Toolkit on Gender-sensitive Communication (2019),no